{
    "godView": {
        "active": false,
        "autoRotate": true,
        "cameraPos": [
            -8.130000114440918,
            37.39799880981445,
            -42.400001525878906
        ],
        "cameraTarget": [
            0.32499998807907104,
            0.0,
            0.0
        ],
        "rotation": 199.7499237060547,
        "rotationSpeed": 0.20900000631809235,
        "visualizationType": 0,
        "wireframe": false,
        "zoom": 1.2079999446868896
    },
    "godViewWindow": {
        "autoRotate": false,
        "manualRotation": 0.0,
        "position": [
            50.0,
            50.0
        ],
        "rotationSpeed": 0.20000000298023224,
        "size": [
            400.0,
            400.0
        ],
        "visible": false,
        "visualizationType": 0,
        "wireframeMode": false,
        "zoom": 1.0
    },
    "panels": {
        "showGodView": false,
        "showGodViewWindow": false,
        "showLoggingConfig": false,
        "showMeshDebug": false,
        "showPerformance": true
    },
    "teleportCoords": [
        100000.0,
        6373000.0,
        100000.0
    ],
    "visible": false
}